{
  "timestamp": "2025-11-06T17:30:44.622256+00:00",
  "benchmarks": [
    {
      "workers": 1,
      "tasks": 1000,
      "completed": 0,
      "enqueue_duration": 0.005545377731323242,
      "enqueue_tps": 180330.36673975666,
      "process_duration": 0.4631845951080322,
      "process_tps": 0.0,
      "total_duration": 0.46872997283935547,
      "overall_tps": 0.0,
      "efficiency": 0.0
    },
    {
      "workers": 5,
      "tasks": 1000,
      "completed": 0,
      "enqueue_duration": 0.005543947219848633,
      "enqueue_tps": 180376.89760461016,
      "process_duration": 0.5688323974609375,
      "process_tps": 0.0,
      "total_duration": 0.5743763446807861,
      "overall_tps": 0.0,
      "efficiency": 0.0
    },
    {
      "workers": 10,
      "tasks": 1000,
      "completed": 0,
      "enqueue_duration": 0.0053904056549072266,
      "enqueue_tps": 185514.7949931443,
      "process_duration": 0.534644365310669,
      "process_tps": 0.0,
      "total_duration": 0.5400347709655762,
      "overall_tps": 0.0,
      "efficiency": 0.0
    }
  ],
  "targets": {
    "single_worker": 50,
    "five_workers": 200,
    "ten_workers": 300
  }
}