{
  "timestamp": "2025-11-06T17:31:28.675916+00:00",
  "benchmarks": [
    {
      "workers": 1,
      "tasks": 1000,
      "completed": 1000,
      "enqueue_duration": 0.005789995193481445,
      "enqueue_tps": 172711.71505044267,
      "process_duration": 0.4441251754760742,
      "process_tps": 2251.617461063906,
      "total_duration": 0.44991517066955566,
      "overall_tps": 2222.6412114795285,
      "efficiency": 2251.617461063906
    },
    {
      "workers": 5,
      "tasks": 1000,
      "completed": 1000,
      "enqueue_duration": 0.005622148513793945,
      "enqueue_tps": 177867.94453161443,
      "process_duration": 0.6028013229370117,
      "process_tps": 1658.9213758319715,
      "total_duration": 0.6084234714508057,
      "overall_tps": 1643.5920817049798,
      "efficiency": 331.7842751663943
    },
    {
      "workers": 10,
      "tasks": 1000,
      "completed": 1000,
      "enqueue_duration": 0.005705833435058594,
      "enqueue_tps": 175259.2344977436,
      "process_duration": 0.5807034969329834,
      "process_tps": 1722.0492132070042,
      "total_duration": 0.586409330368042,
      "overall_tps": 1705.2934668900652,
      "efficiency": 172.2049213207004
    }
  ],
  "targets": {
    "single_worker": 50,
    "five_workers": 200,
    "ten_workers": 300
  }
}